FirstName,LastName,PrimaryEmail,ExternalDataReference,Gender
Tony,Voskuil,Tony@example.com,1,Male
Gerlinde,Boekhold,Gerlinde@example.com,2,Female
Sylvie,Essanovica,Sylvie@example.com,4,Female
Bas,Glabbeek,Bas@example.com,5,Male
Bibi,Peterszoon,Bibi@example.com,6,Female
Jacky,Hogenbrug,Jacky@example.com,7,Female
Sjors,Luijten,Sjors@example.com,8,Male
Lisa,Kuipers,Lisa@example.com,10,Female
Tanja,Nieuwkoop,Tanja@example.com,11,Female
Tinka,den Oudsten,Tinka@example.com,13,Female
Wieger,van Roermond,Wieger@example.com,16,Male
Famke,Rozewater,Famke@example.com,17,Female
Nancy,Rozewater,Nancy@example.com,18,Female
Tim,Smith,Tim@example.com,20,Male
Timo,Stoker,Timo@example.com,21,Male
Florence,Uittenwaal,Florence@example.com,22,Female
Lisa,de Vos,Lisa@example.com,24,Female
Duco,Brinkman,Duco@example.com,34,Male
Danny,Kasteels,Danny@example.com,55,Male
David,Visserman,David@example.com,56,Male
Alex,van Petten,Alex@example.com,65,Male
Youran,van Slagmaat,Youran@example.com,75,Male
Luca,van de Zanden, Luca@example.com,400,Male
Dirk,Hartez,Dirk@example.com,435,Male
Peter,Oosterbeek,Peter@example.com,1362,Male
Christine,van Beuningen,Christine@example.com,3423,Female
